
{ 
	"position":{ 
		"x":14.777342,
		"y":-21.915272,
		"z":0.500000 
	},
	"ambient_sound":"MinesAmbient",
	"enemy_sound":"MinesAmbient",
	"cutscene_text":"",
	"cutscene_video":"",
	"doors":[ 
		{ 
			"links_to":"Mines5",
			"rotation":[ 
				-1.000000,
				0.000000,
				-0.000001,
				-0.000001,
				-0.000000,
				1.000000,
				0.000000,
				1.000000,
				0.000000 
			],
			"position":{ 
				"x":14.790998,
				"y":-25.095585,
				"z":0.350000 
			},
			"width":6.399999,
			"height":3.300000 
		},
		{ 
			"links_to":"Mines7",
			"rotation":[ 
				-1.000000,
				0.000000,
				-0.000001,
				-0.000001,
				-0.000000,
				1.000000,
				0.000000,
				1.000000,
				0.000000 
			],
			"position":{ 
				"x":14.140999,
				"y":-18.295586,
				"z":0.350000 
			},
			"width":7.699999,
			"height":3.300000 
		} 
	],
	"spawn_points":[ 
		{ 
			"position":{ 
				"x":13.209534,
				"y":-12.744555,
				"z":-1.300000 
			},
			"spawn_list":[ 
				{ 
					"type":"RedZombie",
					"time":0.000000 
				} 
			] 
		},
		{ 
			"position":{ 
				"x":15.466457,
				"y":-12.816203,
				"z":-1.300000 
			},
			"spawn_list":[ 
				{ 
					"type":"RedZombie",
					"time":0.000000 
				} 
			] 
		} 
	],
	"weapon_store_points":[ 
	] 
} 