
{ 
	"position":{ 
		"x":-60.000000,
		"y":210.000000,
		"z":1.800000 
	},
	"ambient_sound":"DefaultAmbient",
	"enemy_sound":"DefaultAmbient",
	"cutscene_text":"",
	"cutscene_video":"",
	"doors":[ 
		{ 
			"links_to":"Forest11",
			"rotation":[ 
				1.000000,
				0.000000,
				-0.000000,
				-0.000000,
				0.000000,
				-1.000000,
				-0.000000,
				1.000000,
				0.000000 
			],
			"position":{ 
				"x":-60.300003,
				"y":194.000000,
				"z":3.000000 
			},
			"width":20.000000,
			"height":6.000000 
		},
		{ 
			"links_to":"Forest13",
			"rotation":[ 
				1.000000,
				0.000000,
				-0.000000,
				-0.000000,
				0.000000,
				-1.000000,
				-0.000000,
				1.000000,
				0.000000 
			],
			"position":{ 
				"x":-60.000004,
				"y":218.000000,
				"z":3.000000 
			},
			"width":16.000000,
			"height":6.000000 
		} 
	],
	"spawn_points":[ 
		{ 
			"position":{ 
				"x":-59.892693,
				"y":226.450348,
				"z":0.000000 
			},
			"spawn_list":[ 
				{ 
					"type":"IronAnubisEllite",
					"time":1.000000 
				} 
			] 
		} 
	],
	"weapon_store_points":[ 
	] 
} 