
{ 
	"position":{ 
		"x":48.000000,
		"y":33.000000,
		"z":-2.000000 
	},
	"ambient_sound":"DefaultAmbient",
	"enemy_sound":"DefaultAmbient",
	"cutscene_text":"",
	"cutscene_video":"",
	"doors":[ 
		{ 
			"links_to":"CastleMaze10",
			"rotation":[ 
				0.000000,
				0.000000,
				-1.000000,
				-1.000000,
				0.000000,
				-0.000000,
				-0.000000,
				1.000000,
				0.000000 
			],
			"position":{ 
				"x":59.000000,
				"y":33.500000,
				"z":-2.000000 
			},
			"width":9.400000,
			"height":4.000000 
		},
		{ 
			"links_to":"CastleMaze12",
			"rotation":[ 
				1.000000,
				-0.000000,
				0.000000,
				0.000000,
				0.000000,
				-1.000000,
				-0.000000,
				1.000000,
				0.000000 
			],
			"position":{ 
				"x":47.200001,
				"y":23.000000,
				"z":-2.000000 
			},
			"width":8.400000,
			"height":4.000000 
		} 
	],
	"spawn_points":[ 
		{ 
			"position":{ 
				"x":47.800003,
				"y":10.000000,
				"z":-4.000000 
			},
			"spawn_list":[ 
				{ 
					"type":"ShadowAnubis",
					"time":2.000000 
				} 
			] 
		},
		{ 
			"position":{ 
				"x":44.800003,
				"y":16.000000,
				"z":-4.000000 
			},
			"spawn_list":[ 
				{ 
					"type":"GreenZombie",
					"time":0.000000 
				} 
			] 
		},
		{ 
			"position":{ 
				"x":49.500004,
				"y":16.000000,
				"z":-4.000000 
			},
			"spawn_list":[ 
				{ 
					"type":"GreenZombie",
					"time":0.000000 
				} 
			] 
		} 
	],
	"weapon_store_points":[ 
	] 
} 