
{ 
	"position":{ 
		"x":2.300000,
		"y":-4.800000,
		"z":4.200000 
	},
	"ambient_sound":"DefaultAmbient",
	"enemy_sound":"DefaultAmbient",
	"cutscene_text":"",
	"cutscene_video":"",
	"doors":[ 
		{ 
			"links_to":"CabinBedroom1",
			"rotation":[ 
				1.000000,
				0.000000,
				-0.000000,
				0.000000,
				0.000000,
				1.000000,
				0.000000,
				-1.000000,
				0.000000 
			],
			"position":{ 
				"x":0.750000,
				"y":-4.000000,
				"z":3.950000 
			},
			"width":4.500000,
			"height":2.500000 
		},
		{ 
			"links_to":"CabinBedroom3",
			"rotation":[ 
				1.000000,
				0.000000,
				-0.000000,
				0.000000,
				0.000000,
				1.000000,
				0.000000,
				-1.000000,
				0.000000 
			],
			"position":{ 
				"x":0.750000,
				"y":-4.000000,
				"z":3.950000 
			},
			"width":4.500000,
			"height":2.500000 
		},
		{ 
			"links_to":"CabinHall1",
			"rotation":[ 
				1.000000,
				0.000000,
				0.000000,
				0.000000,
				0.000000,
				-1.000000,
				-0.000000,
				1.000000,
				0.000000 
			],
			"position":{ 
				"x":2.250000,
				"y":-6.100000,
				"z":3.950000 
			},
			"width":1.500000,
			"height":2.500000 
		} 
	],
	"spawn_points":[ 
	],
	"weapon_store_points":[ 
	] 
} 