
{ 
	"position":{ 
		"x":317.000000,
		"y":9.500000,
		"z":-2.200000 
	},
	"ambient_sound":"DefaultAmbient",
	"enemy_sound":"DefaultAmbient",
	"cutscene_text":"",
	"cutscene_video":"",
	"doors":[ 
		{ 
			"links_to":"CastleCourt4",
			"rotation":[ 
				0.000000,
				-0.000000,
				1.000000,
				1.000000,
				0.000000,
				-0.000000,
				-0.000000,
				1.000000,
				0.000000 
			],
			"position":{ 
				"x":304.000000,
				"y":10.000000,
				"z":2.500000 
			},
			"width":19.000000,
			"height":13.000000 
		},
		{ 
			"links_to":"CastleCourt6",
			"rotation":[ 
				0.000000,
				-0.000000,
				1.000000,
				1.000000,
				0.000000,
				-0.000000,
				-0.000000,
				1.000000,
				0.000000 
			],
			"position":{ 
				"x":322.000000,
				"y":8.750000,
				"z":-1.500000 
			},
			"width":7.500000,
			"height":5.000000 
		} 
	],
	"spawn_points":[ 
	],
	"weapon_store_points":[ 
	] 
} 