
{ 
	"position":{ 
		"x":-102.599998,
		"y":-0.100000,
		"z":1.800000 
	},
	"ambient_sound":"CavesAmbient",
	"enemy_sound":"CavesAmbient",
	"cutscene_text":"",
	"cutscene_video":"",
	"doors":[ 
		{ 
			"links_to":"Caves1",
			"rotation":[ 
				0.000000,
				0.000000,
				-1.000000,
				-1.000000,
				0.000000,
				-0.000000,
				-0.000000,
				1.000000,
				0.000000 
			],
			"position":{ 
				"x":-100.000000,
				"y":-0.150000,
				"z":1.850000 
			},
			"width":5.300000,
			"height":3.700000 
		},
		{ 
			"links_to":"CastleCourt6",
			"rotation":[ 
				1.000000,
				0.000000,
				0.000000,
				0.000000,
				0.000000,
				1.000000,
				0.000000,
				-1.000000,
				0.000000 
			],
			"position":{ 
				"x":-102.599991,
				"y":-1.800000,
				"z":1.749998 
			},
			"width":1.500000,
			"height":0.900000 
		} 
	],
	"spawn_points":[ 
		{ 
			"position":{ 
				"x":-86.099998,
				"y":-0.100000,
				"z":-0.000000 
			},
			"spawn_list":[ 
				{ 
					"type":"ShadowAnubis",
					"time":0.000000 
				} 
			] 
		} 
	],
	"weapon_store_points":[ 
	] 
} 