
{ 
	"position":{ 
		"x":0.000000,
		"y":0.000000,
		"z":4.200000 
	},
	"ambient_sound":"DefaultAmbient",
	"enemy_sound":"DefaultAmbient",
	"cutscene_text":"",
	"cutscene_video":"",
	"doors":[ 
		{ 
			"links_to":"CabinBedroom2",
			"rotation":[ 
				1.000000,
				0.000000,
				-0.000000,
				0.000000,
				0.000000,
				1.000000,
				0.000000,
				-1.000000,
				0.000000 
			],
			"position":{ 
				"x":0.750000,
				"y":-4.000000,
				"z":3.950000 
			},
			"width":4.500000,
			"height":2.500000 
		},
		{ 
			"links_to":"CabinBedroom3",
			"rotation":[ 
				0.000000,
				0.000000,
				-1.000000,
				0.000000,
				1.000000,
				0.000000,
				1.000000,
				-0.000000,
				0.000000 
			],
			"position":{ 
				"x":-1.800000,
				"y":-0.600000,
				"z":3.900000 
			},
			"width":2.400000,
			"height":1.600000 
		} 
	],
	"spawn_points":[ 
	],
	"weapon_store_points":[ 
	] 
} 