
{ 
	"position":{ 
		"x":110.500000,
		"y":9.200001,
		"z":1.800000 
	},
	"ambient_sound":"LabAlarm",
	"enemy_sound":"LabAlarm",
	"cutscene_text":"",
	"cutscene_video":"",
	"doors":[ 
		{ 
			"links_to":"LabLeft6",
			"rotation":[ 
				0.000000,
				0.000000,
				-1.000000,
				-1.000000,
				0.000000,
				-0.000000,
				-0.000000,
				1.000000,
				0.000000 
			],
			"position":{ 
				"x":107.000000,
				"y":9.050000,
				"z":1.670000 
			},
			"width":3.500000,
			"height":3.340000 
		},
		{ 
			"links_to":"LabLeft8",
			"rotation":[ 
				0.000000,
				0.000000,
				-1.000000,
				-1.000000,
				0.000000,
				-0.000000,
				-0.000000,
				1.000000,
				0.000000 
			],
			"position":{ 
				"x":112.900002,
				"y":9.300000,
				"z":1.390000 
			},
			"width":1.800000,
			"height":2.780000 
		} 
	],
	"spawn_points":[ 
	],
	"weapon_store_points":[ 
	] 
} 