
{ 
	"position":{ 
		"x":146.000000,
		"y":-9.199999,
		"z":1.800000 
	},
	"ambient_sound":"LabAlarm",
	"enemy_sound":"LabAlarm",
	"cutscene_text":"",
	"cutscene_video":"",
	"doors":[ 
		{ 
			"links_to":"LabRight10",
			"rotation":[ 
				0.000000,
				0.000000,
				-1.000000,
				-1.000000,
				0.000000,
				-0.000000,
				-0.000000,
				1.000000,
				0.000000 
			],
			"position":{ 
				"x":149.899994,
				"y":-9.000000,
				"z":1.390000 
			},
			"width":1.800000,
			"height":2.780000 
		},
		{ 
			"links_to":"LabRight8",
			"rotation":[ 
				0.000000,
				0.000000,
				-1.000000,
				-1.000000,
				0.000000,
				-0.000000,
				-0.000000,
				1.000000,
				0.000000 
			],
			"position":{ 
				"x":126.000000,
				"y":-9.000000,
				"z":1.940000 
			},
			"width":4.000000,
			"height":3.880000 
		} 
	],
	"spawn_points":[ 
	],
	"weapon_store_points":[ 
	] 
} 