
{ 
	"position":{ 
		"x":37.749226,
		"y":2.431090,
		"z":0.500000 
	},
	"ambient_sound":"MinesAmbient",
	"enemy_sound":"MinesAmbient",
	"cutscene_text":"",
	"cutscene_video":"",
	"doors":[ 
		{ 
			"links_to":"Mines16",
			"rotation":[ 
				-1.000000,
				0.000000,
				-0.000001,
				-0.000001,
				-0.000000,
				1.000000,
				0.000000,
				1.000000,
				0.000000 
			],
			"position":{ 
				"x":37.690998,
				"y":-4.495584,
				"z":0.400000 
			},
			"width":3.800000,
			"height":3.400000 
		},
		{ 
			"links_to":"Mines18",
			"rotation":[ 
				-0.996847,
				-0.000000,
				0.079352,
				0.079352,
				-0.000000,
				0.996847,
				0.000000,
				1.000000,
				0.000000 
			],
			"position":{ 
				"x":37.898632,
				"y":8.388720,
				"z":0.400000 
			},
			"width":3.800000,
			"height":3.400000 
		} 
	],
	"spawn_points":[ 
		{ 
			"position":{ 
				"x":37.928448,
				"y":13.973303,
				"z":-1.300000 
			},
			"spawn_list":[ 
				{ 
					"type":"RedZombie",
					"time":0.000000 
				} 
			] 
		},
		{ 
			"position":{ 
				"x":39.283009,
				"y":16.701775,
				"z":-1.300000 
			},
			"spawn_list":[ 
				{ 
					"type":"RedZombie",
					"time":0.000000 
				} 
			] 
		} 
	],
	"weapon_store_points":[ 
	] 
} 