
{ 
	"position":{ 
		"x":-0.900000,
		"y":-9.500001,
		"z":1.500000 
	},
	"ambient_sound":"DefaultAmbient",
	"enemy_sound":"DefaultAmbient",
	"cutscene_text":"",
	"cutscene_video":"",
	"doors":[ 
		{ 
			"links_to":"CabinToilet",
			"rotation":[ 
				0.000000,
				-0.000000,
				1.000000,
				0.000000,
				1.000000,
				0.000000,
				-1.000000,
				-0.000000,
				0.000000 
			],
			"position":{ 
				"x":-3.900000,
				"y":-9.920001,
				"z":1.000000 
			},
			"width":2.000000,
			"height":0.960000 
		},
		{ 
			"links_to":"CabinHall3",
			"rotation":[ 
				0.000000,
				-1.000000,
				-0.000000,
				0.000000,
				-0.000000,
				1.000000,
				-1.000000,
				-0.000000,
				-0.000000 
			],
			"position":{ 
				"x":-0.950000,
				"y":-7.000000,
				"z":1.250000 
			},
			"width":2.500000,
			"height":2.560000 
		},
		{ 
			"links_to":"CabinHall1",
			"rotation":[ 
				0.000000,
				-0.000000,
				1.000000,
				0.000000,
				1.000000,
				0.000000,
				-1.000000,
				-0.000000,
				0.000000 
			],
			"position":{ 
				"x":1.300000,
				"y":-10.849999,
				"z":1.250000 
			},
			"width":2.500000,
			"height":2.700000 
		} 
	],
	"spawn_points":[ 
	],
	"weapon_store_points":[ 
	] 
} 