
{ 
	"position":{ 
		"x":8.792150,
		"y":53.605343,
		"z":1.301215 
	},
	"ambient_sound":"DefaultAmbient",
	"enemy_sound":"DefaultAmbient",
	"cutscene_text":"",
	"cutscene_video":"",
	"doors":[ 
		{ 
			"links_to":"Forest1",
			"rotation":[ 
				0.000000,
				-1.000000,
				-0.000000,
				0.000000,
				-0.000000,
				1.000000,
				-1.000000,
				-0.000000,
				-0.000000 
			],
			"position":{ 
				"x":8.192150,
				"y":56.605343,
				"z":0.901214 
			},
			"width":2.200000,
			"height":12.200000 
		},
		{ 
			"links_to":"CabinOutside7",
			"rotation":[ 
				0.000000,
				-1.000000,
				-0.000000,
				0.000000,
				-0.000000,
				1.000000,
				-1.000000,
				-0.000000,
				-0.000000 
			],
			"position":{ 
				"x":9.992149,
				"y":48.005344,
				"z":1.801214 
			},
			"width":4.000000,
			"height":14.000000 
		} 
	],
	"spawn_points":[ 
	],
	"weapon_store_points":[ 
	] 
} 