
{ 
	"position":{ 
		"x":-97.739998,
		"y":-0.100000,
		"z":1.800000 
	},
	"ambient_sound":"CavesAmbient",
	"enemy_sound":"CavesAmbient",
	"cutscene_text":"",
	"cutscene_video":"",
	"doors":[ 
		{ 
			"links_to":"Caves0",
			"rotation":[ 
				0.000000,
				0.000000,
				-1.000000,
				-1.000000,
				0.000000,
				-0.000000,
				-0.000000,
				1.000000,
				0.000000 
			],
			"position":{ 
				"x":-100.000000,
				"y":-0.150000,
				"z":1.850000 
			},
			"width":5.300000,
			"height":3.700000 
		},
		{ 
			"links_to":"Caves2",
			"rotation":[ 
				0.000000,
				0.000000,
				-1.000000,
				-1.000000,
				0.000000,
				-0.000000,
				-0.000000,
				1.000000,
				0.000000 
			],
			"position":{ 
				"x":-83.000000,
				"y":-0.150000,
				"z":2.000000 
			},
			"width":3.300000,
			"height":4.000000 
		} 
	],
	"spawn_points":[ 
		{ 
			"position":{ 
				"x":-104.099998,
				"y":-0.100000,
				"z":-0.000000 
			},
			"spawn_list":[ 
				{ 
					"type":"BasicZombie",
					"time":0.000000 
				} 
			] 
		} 
	],
	"weapon_store_points":[ 
	] 
} 