
{ 
	"position":{ 
		"x":120.000000,
		"y":9.200001,
		"z":1.800000 
	},
	"ambient_sound":"LabAlarm",
	"enemy_sound":"LabAlarm",
	"cutscene_text":"",
	"cutscene_video":"",
	"doors":[ 
		{ 
			"links_to":"LabLeft7",
			"rotation":[ 
				0.000000,
				0.000000,
				-1.000000,
				-1.000000,
				0.000000,
				-0.000000,
				-0.000000,
				1.000000,
				0.000000 
			],
			"position":{ 
				"x":114.099998,
				"y":9.300000,
				"z":1.390000 
			},
			"width":1.800000,
			"height":2.780000 
		},
		{ 
			"links_to":"LabLeft9",
			"rotation":[ 
				0.000000,
				0.000000,
				-1.000000,
				-1.000000,
				0.000000,
				-0.000000,
				-0.000000,
				1.000000,
				0.000000 
			],
			"position":{ 
				"x":126.000000,
				"y":9.000000,
				"z":1.940000 
			},
			"width":4.000000,
			"height":3.880000 
		} 
	],
	"spawn_points":[ 
		{ 
			"position":{ 
				"x":136.457703,
				"y":9.063930,
				"z":0.000000 
			},
			"spawn_list":[ 
				{ 
					"type":"ShadowAnubis",
					"time":0.000000 
				},
				{ 
					"type":"ShadowAnubis",
					"time":8.000000 
				} 
			] 
		} 
	],
	"weapon_store_points":[ 
		{ 
			"weapon_type":"ChainGun",
			"position":{ 
				"x":120.000000,
				"y":12.500001,
				"z":1.800000 
			},
			"radius":0.400000 
		} 
	] 
} 