
{ 
	"position":{ 
		"x":-0.900000,
		"y":-4.800000,
		"z":1.500000 
	},
	"ambient_sound":"DefaultAmbient",
	"enemy_sound":"DefaultAmbient",
	"cutscene_text":"",
	"cutscene_video":"",
	"doors":[ 
		{ 
			"links_to":"CabinHall4",
			"rotation":[ 
				0.000000,
				-0.000000,
				1.000000,
				0.000000,
				1.000000,
				0.000000,
				-1.000000,
				-0.000000,
				0.000000 
			],
			"position":{ 
				"x":1.400000,
				"y":-4.600000,
				"z":1.250000 
			},
			"width":2.500000,
			"height":1.200000 
		},
		{ 
			"links_to":"CabinHall2",
			"rotation":[ 
				0.000000,
				-1.000000,
				-0.000000,
				0.000000,
				-0.000000,
				1.000000,
				-1.000000,
				-0.000000,
				-0.000000 
			],
			"position":{ 
				"x":-0.950000,
				"y":-7.000000,
				"z":1.250000 
			},
			"width":2.500000,
			"height":2.560000 
		},
		{ 
			"links_to":"CabinMainRoom1",
			"rotation":[ 
				0.000000,
				-1.000000,
				-0.000000,
				0.000000,
				-0.000000,
				1.000000,
				-1.000000,
				-0.000000,
				-0.000000 
			],
			"position":{ 
				"x":-0.950000,
				"y":-3.650000,
				"z":1.250000 
			},
			"width":2.500000,
			"height":1.860000 
		} 
	],
	"spawn_points":[ 
	],
	"weapon_store_points":[ 
	] 
} 