
{ 
	"position":{ 
		"x":40.000000,
		"y":52.500000,
		"z":-2.200000 
	},
	"ambient_sound":"CastleAmbient",
	"enemy_sound":"CastleAmbient",
	"cutscene_text":"",
	"cutscene_video":"",
	"doors":[ 
		{ 
			"links_to":"CastleMaze1",
			"rotation":[ 
				0.000000,
				-0.000000,
				1.000000,
				1.000000,
				0.000000,
				-0.000000,
				-0.000000,
				1.000000,
				0.000000 
			],
			"position":{ 
				"x":42.000000,
				"y":52.500000,
				"z":-2.650000 
			},
			"width":1.400000,
			"height":2.700000 
		},
		{ 
			"links_to":"Castle9",
			"rotation":[ 
				1.000000,
				0.000000,
				0.000000,
				0.000000,
				0.000000,
				-1.000000,
				-0.000000,
				1.000000,
				0.000000 
			],
			"position":{ 
				"x":40.000000,
				"y":50.000000,
				"z":-2.000000 
			},
			"width":4.000000,
			"height":4.000000 
		} 
	],
	"spawn_points":[ 
	],
	"weapon_store_points":[ 
	] 
} 