
{ 
	"position":{ 
		"x":47.000000,
		"y":44.000000,
		"z":-2.000000 
	},
	"ambient_sound":"DefaultAmbient",
	"enemy_sound":"DefaultAmbient",
	"cutscene_text":"",
	"cutscene_video":"",
	"doors":[ 
		{ 
			"links_to":"CastleMaze1",
			"rotation":[ 
				1.000000,
				0.000000,
				0.000000,
				0.000000,
				0.000000,
				-1.000000,
				-0.000000,
				1.000000,
				0.000000 
			],
			"position":{ 
				"x":45.799999,
				"y":47.000000,
				"z":-2.000000 
			},
			"width":5.600000,
			"height":4.000000 
		},
		{ 
			"links_to":"CastleMaze3",
			"rotation":[ 
				0.000000,
				0.000000,
				-1.000000,
				-1.000000,
				0.000000,
				-0.000000,
				-0.000000,
				1.000000,
				0.000000 
			],
			"position":{ 
				"x":59.000000,
				"y":43.700001,
				"z":-2.000000 
			},
			"width":4.000000,
			"height":4.000000 
		} 
	],
	"spawn_points":[ 
		{ 
			"position":{ 
				"x":55.799999,
				"y":44.000000,
				"z":-4.000000 
			},
			"spawn_list":[ 
				{ 
					"type":"GreenZombie",
					"time":0.000000 
				} 
			] 
		},
		{ 
			"position":{ 
				"x":46.799999,
				"y":55.000000,
				"z":-4.000000 
			},
			"spawn_list":[ 
				{ 
					"type":"GreenZombie",
					"time":2.000000 
				} 
			] 
		} 
	],
	"weapon_store_points":[ 
	] 
} 