
{ 
	"position":{ 
		"x":-4.720483,
		"y":-10.583024,
		"z":0.500000 
	},
	"ambient_sound":"MinesAmbient",
	"enemy_sound":"MinesAmbient",
	"cutscene_text":"",
	"cutscene_video":"",
	"doors":[ 
		{ 
			"links_to":"Mines1",
			"rotation":[ 
				1.000000,
				0.000000,
				0.000000,
				0.000000,
				0.000000,
				-1.000000,
				0.000000,
				1.000000,
				0.000000 
			],
			"position":{ 
				"x":-5.036388,
				"y":-4.701596,
				"z":0.350000 
			},
			"width":3.800000,
			"height":3.300000 
		},
		{ 
			"links_to":"Mines3",
			"rotation":[ 
				0.983136,
				-0.000000,
				0.182875,
				0.182875,
				0.000000,
				-0.983136,
				0.000000,
				1.000000,
				0.000000 
			],
			"position":{ 
				"x":-4.098773,
				"y":-16.010744,
				"z":0.350000 
			},
			"width":3.800000,
			"height":3.300000 
		} 
	],
	"spawn_points":[ 
		{ 
			"position":{ 
				"x":-6.152885,
				"y":1.552131,
				"z":-1.300000 
			},
			"spawn_list":[ 
				{ 
					"type":"RedZombie",
					"time":0.000000 
				} 
			] 
		},
		{ 
			"position":{ 
				"x":-4.476745,
				"y":1.623456,
				"z":-1.300000 
			},
			"spawn_list":[ 
				{ 
					"type":"RedZombie",
					"time":0.000000 
				} 
			] 
		} 
	],
	"weapon_store_points":[ 
	] 
} 