
{ 
	"position":{ 
		"x":61.799999,
		"y":9.200001,
		"z":1.800000 
	},
	"ambient_sound":"LabAlarm",
	"enemy_sound":"LabAlarm",
	"cutscene_text":"",
	"cutscene_video":"LockLeft.mp4",
	"doors":[ 
		{ 
			"links_to":"LabLeft5",
			"rotation":[ 
				0.000000,
				0.000000,
				-1.000000,
				-1.000000,
				0.000000,
				-0.000000,
				-0.000000,
				1.000000,
				0.000000 
			],
			"position":{ 
				"x":74.000000,
				"y":9.050000,
				"z":1.670000 
			},
			"width":3.500000,
			"height":3.340000 
		} 
	],
	"spawn_points":[ 
		{ 
			"position":{ 
				"x":48.396538,
				"y":9.244426,
				"z":0.000000 
			},
			"spawn_list":[ 
				{ 
					"type":"ShadowAnubis",
					"time":0.000000 
				} 
			] 
		} 
	],
	"weapon_store_points":[ 
	] 
} 