
{ 
	"position":{ 
		"x":61.799999,
		"y":-14.199999,
		"z":1.800000 
	},
	"ambient_sound":"LabAmbient",
	"enemy_sound":"LabAmbient",
	"cutscene_text":"",
	"cutscene_video":"",
	"doors":[ 
		{ 
			"links_to":"LabRight2",
			"rotation":[ 
				1.000000,
				0.000000,
				0.000000,
				0.000000,
				0.000000,
				-1.000000,
				-0.000000,
				1.000000,
				0.000000 
			],
			"position":{ 
				"x":61.799999,
				"y":-18.400000,
				"z":1.670000 
			},
			"width":4.200000,
			"height":3.340000 
		},
		{ 
			"links_to":"LabRight4",
			"rotation":[ 
				1.000000,
				0.000000,
				0.000000,
				0.000000,
				0.000000,
				-1.000000,
				-0.000000,
				1.000000,
				0.000000 
			],
			"position":{ 
				"x":61.799999,
				"y":-12.099999,
				"z":1.370000 
			},
			"width":3.600000,
			"height":2.740000 
		} 
	],
	"spawn_points":[ 
	],
	"weapon_store_points":[ 
	] 
} 