
{ 
	"position":{ 
		"x":2.250000,
		"y":-10.999999,
		"z":1.500000 
	},
	"ambient_sound":"DefaultAmbient",
	"enemy_sound":"DefaultAmbient",
	"cutscene_text":"",
	"cutscene_video":"",
	"doors":[ 
		{ 
			"links_to":"CabinBedroom2",
			"rotation":[ 
				1.000000,
				0.000000,
				0.000000,
				0.000000,
				0.000000,
				-1.000000,
				-0.000000,
				1.000000,
				0.000000 
			],
			"position":{ 
				"x":2.250000,
				"y":-10.000000,
				"z":1.250000 
			},
			"width":1.500000,
			"height":2.500000 
		},
		{ 
			"links_to":"CabinHall2",
			"rotation":[ 
				0.000000,
				-0.000000,
				1.000000,
				0.000000,
				1.000000,
				0.000000,
				-1.000000,
				-0.000000,
				0.000000 
			],
			"position":{ 
				"x":1.300000,
				"y":-10.849999,
				"z":1.250000 
			},
			"width":2.500000,
			"height":2.700000 
		} 
	],
	"spawn_points":[ 
	],
	"weapon_store_points":[ 
	] 
} 