
{ 
	"position":{ 
		"x":2.300001,
		"y":89.900002,
		"z":-18.200001 
	},
	"ambient_sound":"DefaultAmbient",
	"enemy_sound":"DefaultAmbient",
	"cutscene_text":"",
	"cutscene_video":"",
	"doors":[ 
		{ 
			"links_to":"Forest8",
			"rotation":[ 
				-0.906308,
				-0.000000,
				0.422619,
				0.422619,
				-0.000000,
				0.906308,
				-0.000000,
				1.000000,
				0.000000 
			],
			"position":{ 
				"x":7.153154,
				"y":58.788692,
				"z":1.500000 
			},
			"width":3.000000,
			"height":3.000000 
		},
		{ 
			"links_to":"ForestBar2",
			"rotation":[ 
				-1.000000,
				-0.000000,
				0.000000,
				0.000000,
				-0.000000,
				1.000000,
				-0.000000,
				1.000000,
				0.000000 
			],
			"position":{ 
				"x":2.000001,
				"y":87.000000,
				"z":-18.000000 
			},
			"width":4.000000,
			"height":4.000000 
		},
		{ 
			"links_to":"Forest8",
			"rotation":[ 
				1.000000,
				-0.000000,
				0.000000,
				0.000000,
				0.000000,
				-1.000000,
				-0.000000,
				1.000000,
				0.000000 
			],
			"position":{ 
				"x":2.400001,
				"y":92.900002,
				"z":-18.650000 
			},
			"width":2.000000,
			"height":2.700000 
		} 
	],
	"spawn_points":[ 
	],
	"weapon_store_points":[ 
	] 
} 