
{ 
	"position":{ 
		"x":68.000000,
		"y":23.000000,
		"z":-2.000000 
	},
	"ambient_sound":"DefaultAmbient",
	"enemy_sound":"DefaultAmbient",
	"cutscene_text":"",
	"cutscene_video":"",
	"doors":[ 
		{ 
			"links_to":"CastleMaze14",
			"rotation":[ 
				0.000000,
				-0.000000,
				1.000000,
				1.000000,
				0.000000,
				-0.000000,
				-0.000000,
				1.000000,
				0.000000 
			],
			"position":{ 
				"x":63.000000,
				"y":22.950001,
				"z":-2.000000 
			},
			"width":4.700000,
			"height":4.000000 
		} 
	],
	"spawn_points":[ 
	],
	"weapon_store_points":[ 
		{ 
			"weapon_type":"Magnum",
			"position":{ 
				"x":69.500000,
				"y":23.000000,
				"z":-2.000000 
			},
			"radius":0.250000 
		} 
	] 
} 