
{ 
	"position":{ 
		"x":22.000000,
		"y":33.000000,
		"z":1.800000 
	},
	"ambient_sound":"CastleAmbient",
	"enemy_sound":"CastleAmbient",
	"cutscene_text":"",
	"cutscene_video":"",
	"doors":[ 
		{ 
			"links_to":"Castle5",
			"rotation":[ 
				0.000000,
				0.000000,
				-1.000000,
				-1.000000,
				0.000000,
				-0.000000,
				-0.000000,
				1.000000,
				0.000000 
			],
			"position":{ 
				"x":19.000000,
				"y":33.000000,
				"z":2.000000 
			},
			"width":6.000000,
			"height":4.000000 
		},
		{ 
			"links_to":"CastlePodium",
			"rotation":[ 
				1.000000,
				0.000000,
				0.000000,
				0.000000,
				0.000000,
				-1.000000,
				-0.000000,
				1.000000,
				0.000000 
			],
			"position":{ 
				"x":23.000000,
				"y":35.400002,
				"z":2.000000 
			},
			"width":6.000000,
			"height":4.000000 
		},
		{ 
			"links_to":"Castle7",
			"rotation":[ 
				0.000000,
				-0.000000,
				1.000000,
				1.000000,
				0.000000,
				-0.000000,
				-0.000000,
				1.000000,
				0.000000 
			],
			"position":{ 
				"x":26.000000,
				"y":32.000000,
				"z":1.350000 
			},
			"width":1.400000,
			"height":2.700000 
		} 
	],
	"spawn_points":[ 
	],
	"weapon_store_points":[ 
	] 
} 