
{ 
	"position":{ 
		"x":-5.200000,
		"y":1.700000,
		"z":0.500000 
	},
	"ambient_sound":"MinesAmbient",
	"enemy_sound":"MinesAmbient",
	"cutscene_text":"",
	"cutscene_video":"",
	"doors":[ 
		{ 
			"links_to":"Mines2",
			"rotation":[ 
				1.000000,
				0.000000,
				0.000000,
				0.000000,
				0.000000,
				-1.000000,
				0.000000,
				1.000000,
				0.000000 
			],
			"position":{ 
				"x":-5.036388,
				"y":-4.701596,
				"z":0.350000 
			},
			"width":3.800000,
			"height":3.300000 
		},
		{ 
			"links_to":"Caves8",
			"rotation":[ 
				0.000000,
				0.000000,
				-1.000000,
				-1.000000,
				0.000000,
				-0.000000,
				0.000000,
				1.000000,
				0.000000 
			],
			"position":{ 
				"x":-10.900001,
				"y":1.500000,
				"z":0.050000 
			},
			"width":2.800000,
			"height":2.700000 
		} 
	],
	"spawn_points":[ 
		{ 
			"position":{ 
				"x":-5.615127,
				"y":-8.483534,
				"z":-1.300000 
			},
			"spawn_list":[ 
				{ 
					"type":"RedZombie",
					"time":0.000000 
				} 
			] 
		},
		{ 
			"position":{ 
				"x":-4.152885,
				"y":-8.447869,
				"z":-1.300000 
			},
			"spawn_list":[ 
				{ 
					"type":"RedZombie",
					"time":0.000000 
				} 
			] 
		} 
	],
	"weapon_store_points":[ 
	] 
} 