
{ 
	"position":{ 
		"x":48.000000,
		"y":12.000000,
		"z":-2.000000 
	},
	"ambient_sound":"DefaultAmbient",
	"enemy_sound":"DefaultAmbient",
	"cutscene_text":"",
	"cutscene_video":"",
	"doors":[ 
		{ 
			"links_to":"CastleMaze11",
			"rotation":[ 
				1.000000,
				-0.000000,
				0.000000,
				0.000000,
				0.000000,
				-1.000000,
				-0.000000,
				1.000000,
				0.000000 
			],
			"position":{ 
				"x":47.200001,
				"y":23.000000,
				"z":-2.000000 
			},
			"width":8.400000,
			"height":4.000000 
		},
		{ 
			"links_to":"CastleMaze13",
			"rotation":[ 
				0.000000,
				0.000000,
				-1.000000,
				-1.000000,
				0.000000,
				-0.000000,
				-0.000000,
				1.000000,
				0.000000 
			],
			"position":{ 
				"x":53.000000,
				"y":11.700000,
				"z":-2.000000 
			},
			"width":9.399999,
			"height":4.000000 
		} 
	],
	"spawn_points":[ 
		{ 
			"position":{ 
				"x":60.500004,
				"y":15.000000,
				"z":-4.000000 
			},
			"spawn_list":[ 
				{ 
					"type":"GreenZombie",
					"time":0.000000 
				} 
			] 
		},
		{ 
			"position":{ 
				"x":60.500004,
				"y":9.000000,
				"z":-4.000000 
			},
			"spawn_list":[ 
				{ 
					"type":"GreenZombie",
					"time":0.000000 
				} 
			] 
		},
		{ 
			"position":{ 
				"x":60.500004,
				"y":12.000000,
				"z":-4.000000 
			},
			"spawn_list":[ 
				{ 
					"type":"BasicZombie",
					"time":0.000000 
				} 
			] 
		} 
	],
	"weapon_store_points":[ 
	] 
} 