
{ 
	"position":{ 
		"x":-60.000000,
		"y":121.000008,
		"z":-22.200001 
	},
	"ambient_sound":"ForestSewerAmbient",
	"enemy_sound":"ForestSewerAmbient",
	"cutscene_text":"",
	"cutscene_video":"",
	"doors":[ 
		{ 
			"links_to":"ForestSewer5",
			"rotation":[ 
				-0.000000,
				-0.000000,
				1.000000,
				1.000000,
				-0.000000,
				0.000000,
				-0.000000,
				1.000000,
				0.000000 
			],
			"position":{ 
				"x":-56.000000,
				"y":121.000000,
				"z":-22.000000 
			},
			"width":4.000000,
			"height":4.000000 
		},
		{ 
			"links_to":"Forest9",
			"rotation":[ 
				0.000000,
				-1.000000,
				0.000000,
				0.000000,
				-0.000000,
				-1.000000,
				1.000000,
				0.000000,
				0.000000 
			],
			"position":{ 
				"x":-60.000000,
				"y":120.500000,
				"z":-22.050001 
			},
			"width":3.900000,
			"height":1.000001 
		} 
	],
	"spawn_points":[ 
		{ 
			"position":{ 
				"x":-73.000000,
				"y":121.000000,
				"z":-24.000000 
			},
			"spawn_list":[ 
				{ 
					"type":"IronAnubis",
					"time":0.000000 
				},
				{ 
					"type":"IronAnubis",
					"time":4.000000 
				},
				{ 
					"type":"IronAnubis",
					"time":8.000000 
				} 
			] 
		} 
	],
	"weapon_store_points":[ 
	] 
} 