
{ 
	"position":{ 
		"x":59.000000,
		"y":12.000000,
		"z":-2.000000 
	},
	"ambient_sound":"DefaultAmbient",
	"enemy_sound":"DefaultAmbient",
	"cutscene_text":"",
	"cutscene_video":"",
	"doors":[ 
		{ 
			"links_to":"CastleMaze12",
			"rotation":[ 
				0.000000,
				0.000000,
				-1.000000,
				-1.000000,
				0.000000,
				-0.000000,
				-0.000000,
				1.000000,
				0.000000 
			],
			"position":{ 
				"x":53.000000,
				"y":11.700000,
				"z":-2.000000 
			},
			"width":9.399999,
			"height":4.000000 
		},
		{ 
			"links_to":"CastleMaze14",
			"rotation":[ 
				1.000000,
				-0.000000,
				0.000000,
				0.000000,
				0.000000,
				-1.000000,
				-0.000000,
				1.000000,
				0.000000 
			],
			"position":{ 
				"x":58.650002,
				"y":17.000000,
				"z":-2.000000 
			},
			"width":7.300000,
			"height":4.000000 
		} 
	],
	"spawn_points":[ 
		{ 
			"position":{ 
				"x":56.500004,
				"y":22.000000,
				"z":-4.000000 
			},
			"spawn_list":[ 
				{ 
					"type":"BasicZombie",
					"time":0.000000 
				} 
			] 
		},
		{ 
			"position":{ 
				"x":60.500004,
				"y":22.000000,
				"z":-4.000000 
			},
			"spawn_list":[ 
				{ 
					"type":"BasicZombie",
					"time":0.000000 
				} 
			] 
		} 
	],
	"weapon_store_points":[ 
	] 
} 