
{ 
	"position":{ 
		"x":25.260002,
		"y":-2.100000,
		"z":-36.200001 
	},
	"ambient_sound":"CavesAmbient",
	"enemy_sound":"CavesAmbient",
	"cutscene_text":"",
	"cutscene_video":"",
	"doors":[ 
		{ 
			"links_to":"CavesLower2",
			"rotation":[ 
				-1.000000,
				0.000000,
				-0.000000,
				-0.000000,
				-0.000000,
				1.000000,
				-0.000000,
				1.000000,
				0.000000 
			],
			"position":{ 
				"x":25.250002,
				"y":2.700000,
				"z":-36.150002 
			},
			"width":5.300000,
			"height":3.700000 
		} 
	],
	"spawn_points":[ 
	],
	"weapon_store_points":[ 
		{ 
			"weapon_type":"Sniper",
			"position":{ 
				"x":25.260002,
				"y":-3.600000,
				"z":-36.200001 
			},
			"radius":0.200000 
		} 
	] 
} 