
{ 
	"position":{ 
		"x":-0.207850,
		"y":5.605344,
		"z":1.501215 
	},
	"ambient_sound":"DefaultAmbient",
	"enemy_sound":"DefaultAmbient",
	"cutscene_text":"",
	"cutscene_video":"",
	"doors":[ 
		{ 
			"links_to":"CabinOutside1",
			"rotation":[ 
				0.000000,
				-0.000000,
				1.000000,
				0.000000,
				1.000000,
				0.000000,
				-1.000000,
				-0.000000,
				0.000000 
			],
			"position":{ 
				"x":-4.007852,
				"y":11.005344,
				"z":1.801215 
			},
			"width":4.000000,
			"height":14.000000 
		},
		{ 
			"links_to":"CabinMainRoom1",
			"rotation":[ 
				0.000000,
				-1.000000,
				-0.000000,
				0.000000,
				0.000000,
				-1.000000,
				1.000000,
				0.000000,
				0.000000 
			],
			"position":{ 
				"x":-0.000000,
				"y":3.900000,
				"z":1.000000 
			},
			"width":2.000000,
			"height":1.000000 
		} 
	],
	"spawn_points":[ 
		{ 
			"position":{ 
				"x":-3.207850,
				"y":13.605343,
				"z":-0.198785 
			},
			"spawn_list":[ 
				{ 
					"type":"BasicZombie",
					"time":1.000000 
				} 
			] 
		} 
	],
	"weapon_store_points":[ 
	] 
} 