
{ 
	"position":{ 
		"x":1.300001,
		"y":83.900002,
		"z":-18.200001 
	},
	"ambient_sound":"DefaultAmbient",
	"enemy_sound":"DefaultAmbient",
	"cutscene_text":"",
	"cutscene_video":"",
	"doors":[ 
		{ 
			"links_to":"ForestBar1",
			"rotation":[ 
				-1.000000,
				-0.000000,
				0.000000,
				0.000000,
				-0.000000,
				1.000000,
				-0.000000,
				1.000000,
				0.000000 
			],
			"position":{ 
				"x":2.000001,
				"y":87.000000,
				"z":-18.000000 
			},
			"width":4.000000,
			"height":4.000000 
		},
		{ 
			"links_to":"ForestSewer1",
			"rotation":[ 
				0.000000,
				0.000000,
				-1.000000,
				-1.000000,
				0.000000,
				-0.000000,
				-0.000000,
				1.000000,
				0.000000 
			],
			"position":{ 
				"x":-3.999999,
				"y":83.000000,
				"z":-18.000000 
			},
			"width":2.000000,
			"height":4.000000 
		} 
	],
	"spawn_points":[ 
		{ 
			"position":{ 
				"x":2.651719,
				"y":91.298721,
				"z":-20.000000 
			},
			"spawn_list":[ 
				{ 
					"type":"BasicZombie",
					"time":0.500000 
				} 
			] 
		} 
	],
	"weapon_store_points":[ 
		{ 
			"weapon_type":"MachineGun",
			"position":{ 
				"x":1.306507,
				"y":81.221809,
				"z":-18.220251 
			},
			"radius":0.379114 
		} 
	] 
} 