
{ 
	"position":{ 
		"x":77.500000,
		"y":52.000000,
		"z":-2.000000 
	},
	"ambient_sound":"DefaultAmbient",
	"enemy_sound":"DefaultAmbient",
	"cutscene_text":"",
	"cutscene_video":"",
	"doors":[ 
		{ 
			"links_to":"CastleMaze4",
			"rotation":[ 
				0.000000,
				0.000000,
				-1.000000,
				-1.000000,
				0.000000,
				-0.000000,
				-0.000000,
				1.000000,
				0.000000 
			],
			"position":{ 
				"x":73.000000,
				"y":52.849998,
				"z":-2.000000 
			},
			"width":8.300000,
			"height":4.000000 
		},
		{ 
			"links_to":"CastleMaze6",
			"rotation":[ 
				1.000000,
				-0.000000,
				0.000000,
				0.000000,
				0.000000,
				-1.000000,
				-0.000000,
				1.000000,
				0.000000 
			],
			"position":{ 
				"x":77.599998,
				"y":46.000000,
				"z":-2.000000 
			},
			"width":5.400000,
			"height":4.000000 
		} 
	],
	"spawn_points":[ 
		{ 
			"position":{ 
				"x":77.581329,
				"y":33.860291,
				"z":-4.000000 
			},
			"spawn_list":[ 
				{ 
					"type":"IronAnubisEllite",
					"time":0.000000 
				} 
			] 
		} 
	],
	"weapon_store_points":[ 
	] 
} 