
{ 
	"position":{ 
		"x":-60.000000,
		"y":225.000000,
		"z":1.800000 
	},
	"ambient_sound":"DefaultAmbient",
	"enemy_sound":"DefaultAmbient",
	"cutscene_text":"",
	"cutscene_video":"",
	"doors":[ 
		{ 
			"links_to":"Forest12",
			"rotation":[ 
				1.000000,
				0.000000,
				-0.000000,
				-0.000000,
				0.000000,
				-1.000000,
				-0.000000,
				1.000000,
				0.000000 
			],
			"position":{ 
				"x":-60.000004,
				"y":218.000000,
				"z":3.000000 
			},
			"width":16.000000,
			"height":6.000000 
		},
		{ 
			"links_to":"Castle1",
			"rotation":[ 
				1.000000,
				0.000000,
				-0.000000,
				-0.000000,
				0.000000,
				-1.000000,
				-0.000000,
				1.000000,
				0.000000 
			],
			"position":{ 
				"x":-60.000004,
				"y":232.000000,
				"z":3.500000 
			},
			"width":8.000000,
			"height":7.000000 
		} 
	],
	"spawn_points":[ 
	],
	"weapon_store_points":[ 
	] 
} 