
{ 
	"position":{ 
		"x":6.700001,
		"y":66.000000,
		"z":1.800000 
	},
	"ambient_sound":"DefaultAmbient",
	"enemy_sound":"DefaultAmbient",
	"cutscene_text":"",
	"cutscene_video":"",
	"doors":[ 
		{ 
			"links_to":"Forest7",
			"rotation":[ 
				0.946942,
				0.000000,
				-0.321403,
				-0.321403,
				0.000000,
				-0.946942,
				-0.000000,
				1.000000,
				0.000000 
			],
			"position":{ 
				"x":10.404297,
				"y":71.909424,
				"z":2.500000 
			},
			"width":19.000000,
			"height":5.000000 
		},
		{ 
			"links_to":"ForestBar1",
			"rotation":[ 
				-0.906308,
				-0.000000,
				0.422619,
				0.422619,
				-0.000000,
				0.906308,
				-0.000000,
				1.000000,
				0.000000 
			],
			"position":{ 
				"x":7.153154,
				"y":58.788692,
				"z":1.500000 
			},
			"width":3.000000,
			"height":3.000000 
		} 
	],
	"spawn_points":[ 
		{ 
			"position":{ 
				"x":-7.102007,
				"y":71.074638,
				"z":0.200000 
			},
			"spawn_list":[ 
				{ 
					"type":"BasicZombie",
					"time":2.000000 
				} 
			] 
		},
		{ 
			"position":{ 
				"x":11.344761,
				"y":57.633297,
				"z":0.200000 
			},
			"spawn_list":[ 
				{ 
					"type":"BasicZombie",
					"time":0.000000 
				} 
			] 
		} 
	],
	"weapon_store_points":[ 
	] 
} 