
{ 
	"position":{ 
		"x":39.543217,
		"y":17.956009,
		"z":0.500000 
	},
	"ambient_sound":"MinesAmbient",
	"enemy_sound":"MinesAmbient",
	"cutscene_text":"",
	"cutscene_video":"",
	"doors":[ 
		{ 
			"links_to":"Mines17",
			"rotation":[ 
				-0.996847,
				-0.000000,
				0.079352,
				0.079352,
				-0.000000,
				0.996847,
				0.000000,
				1.000000,
				0.000000 
			],
			"position":{ 
				"x":37.898632,
				"y":8.388720,
				"z":0.400000 
			},
			"width":3.800000,
			"height":3.400000 
		},
		{ 
			"links_to":"Mines19",
			"rotation":[ 
				-0.868647,
				-0.000000,
				0.495432,
				0.495432,
				-0.000000,
				0.868647,
				0.000000,
				1.000000,
				0.000000 
			],
			"position":{ 
				"x":43.438721,
				"y":26.903120,
				"z":0.400000 
			},
			"width":3.800000,
			"height":3.400000 
		} 
	],
	"spawn_points":[ 
		{ 
			"position":{ 
				"x":43.128410,
				"y":27.669535,
				"z":-1.300000 
			},
			"spawn_list":[ 
				{ 
					"type":"RedZombie",
					"time":0.000000 
				} 
			] 
		},
		{ 
			"position":{ 
				"x":45.134708,
				"y":28.973629,
				"z":-1.300000 
			},
			"spawn_list":[ 
				{ 
					"type":"RedZombie",
					"time":0.000000 
				} 
			] 
		} 
	],
	"weapon_store_points":[ 
	] 
} 