
{ 
	"position":{ 
		"x":-46.000000,
		"y":113.000008,
		"z":1.800000 
	},
	"ambient_sound":"DefaultAmbient",
	"enemy_sound":"DefaultAmbient",
	"cutscene_text":"",
	"cutscene_video":"",
	"doors":[ 
		{ 
			"links_to":"Forest10",
			"rotation":[ 
				0.806422,
				-0.000000,
				0.591340,
				0.591340,
				0.000000,
				-0.806422,
				-0.000000,
				1.000000,
				0.000000 
			],
			"position":{ 
				"x":-54.806484,
				"y":126.278534,
				"z":2.500000 
			},
			"width":19.000000,
			"height":5.000000 
		},
		{ 
			"links_to":"ForestSewer6",
			"rotation":[ 
				0.000000,
				-1.000000,
				0.000000,
				0.000000,
				-0.000000,
				-1.000000,
				1.000000,
				0.000000,
				0.000000 
			],
			"position":{ 
				"x":-45.299999,
				"y":115.599998,
				"z":0.650000 
			},
			"width":3.900000,
			"height":2.200001 
		} 
	],
	"spawn_points":[ 
	],
	"weapon_store_points":[ 
	] 
} 