
{ 
	"position":{ 
		"x":-2.300000,
		"y":-45.000000,
		"z":1.800000 
	},
	"ambient_sound":"DefaultAmbient",
	"enemy_sound":"DefaultAmbient",
	"cutscene_text":"",
	"cutscene_video":"",
	"doors":[ 
		{ 
			"links_to":"Forest2",
			"rotation":[ 
				1.000000,
				0.000000,
				0.000000,
				0.000000,
				0.000000,
				-1.000000,
				-0.000000,
				1.000000,
				0.000000 
			],
			"position":{ 
				"x":-1.800000,
				"y":-36.000000,
				"z":2.500000 
			},
			"width":19.000000,
			"height":5.000000 
		},
		{ 
			"links_to":"CabinOutside8",
			"rotation":[ 
				1.000000,
				0.000000,
				0.000000,
				0.000000,
				0.000000,
				-1.000000,
				-0.000000,
				1.000000,
				0.000000 
			],
			"position":{ 
				"x":-1.800000,
				"y":-49.400002,
				"z":1.000000 
			},
			"width":12.200000,
			"height":2.000000 
		} 
	],
	"spawn_points":[ 
	],
	"weapon_store_points":[ 
	] 
} 