
{ 
	"position":{ 
		"x":101.500008,
		"y":-9.199999,
		"z":1.800000 
	},
	"ambient_sound":"LabAlarm",
	"enemy_sound":"LabAlarm",
	"cutscene_text":"",
	"cutscene_video":"",
	"doors":[ 
		{ 
			"links_to":"LabRight5",
			"rotation":[ 
				0.000000,
				0.000000,
				-1.000000,
				-1.000000,
				0.000000,
				-0.000000,
				-0.000000,
				1.000000,
				0.000000 
			],
			"position":{ 
				"x":94.000000,
				"y":-9.050000,
				"z":1.670000 
			},
			"width":3.500000,
			"height":3.340000 
		},
		{ 
			"links_to":"LabRight7",
			"rotation":[ 
				0.000000,
				0.000000,
				-1.000000,
				-1.000000,
				0.000000,
				-0.000000,
				-0.000000,
				1.000000,
				0.000000 
			],
			"position":{ 
				"x":107.000000,
				"y":-9.050000,
				"z":1.670000 
			},
			"width":3.500000,
			"height":3.340000 
		} 
	],
	"spawn_points":[ 
		{ 
			"position":{ 
				"x":101.500000,
				"y":-31.200001,
				"z":0.000000 
			},
			"spawn_list":[ 
				{ 
					"type":"BlueAnubis",
					"time":4.000000 
				} 
			] 
		} 
	],
	"weapon_store_points":[ 
	] 
} 