
{ 
	"position":{ 
		"x":37.677345,
		"y":-8.015271,
		"z":0.500000 
	},
	"ambient_sound":"MinesAmbient",
	"enemy_sound":"MinesAmbient",
	"cutscene_text":"",
	"cutscene_video":"",
	"doors":[ 
		{ 
			"links_to":"Mines12",
			"rotation":[ 
				0.000001,
				0.000000,
				-1.000000,
				-1.000000,
				0.000000,
				-0.000001,
				0.000000,
				1.000000,
				0.000000 
			],
			"position":{ 
				"x":34.390999,
				"y":-8.095586,
				"z":0.350000 
			},
			"width":6.399999,
			"height":3.300000 
		},
		{ 
			"links_to":"Mines17",
			"rotation":[ 
				-1.000000,
				0.000000,
				-0.000001,
				-0.000001,
				-0.000000,
				1.000000,
				0.000000,
				1.000000,
				0.000000 
			],
			"position":{ 
				"x":37.690998,
				"y":-4.495584,
				"z":0.400000 
			},
			"width":3.800000,
			"height":3.400000 
		} 
	],
	"spawn_points":[ 
		{ 
			"position":{ 
				"x":37.005016,
				"y":1.348644,
				"z":-1.300000 
			},
			"spawn_list":[ 
				{ 
					"type":"RedZombie",
					"time":0.000000 
				} 
			] 
		},
		{ 
			"position":{ 
				"x":38.262836,
				"y":4.212606,
				"z":-1.300000 
			},
			"spawn_list":[ 
				{ 
					"type":"RedZombie",
					"time":0.000000 
				} 
			] 
		} 
	],
	"weapon_store_points":[ 
	] 
} 