
{ 
	"position":{ 
		"x":41.000000,
		"y":39.000000,
		"z":1.800000 
	},
	"ambient_sound":"CastleAmbient",
	"enemy_sound":"CastleAmbient",
	"cutscene_text":"",
	"cutscene_video":"",
	"doors":[ 
		{ 
			"links_to":"Castle8",
			"rotation":[ 
				1.000000,
				0.000000,
				0.000000,
				0.000000,
				0.000000,
				-1.000000,
				-0.000000,
				1.000000,
				0.000000 
			],
			"position":{ 
				"x":40.000000,
				"y":35.000000,
				"z":2.000000 
			},
			"width":4.000000,
			"height":4.000000 
		},
		{ 
			"links_to":"Castle10",
			"rotation":[ 
				1.000000,
				0.000000,
				0.000000,
				0.000000,
				0.000000,
				-1.000000,
				-0.000000,
				1.000000,
				0.000000 
			],
			"position":{ 
				"x":40.000000,
				"y":44.000000,
				"z":2.000000 
			},
			"width":4.000000,
			"height":4.000000 
		} 
	],
	"spawn_points":[ 
	],
	"weapon_store_points":[ 
	] 
} 