
{ 
	"position":{ 
		"x":-22.699999,
		"y":83.000000,
		"z":-22.200001 
	},
	"ambient_sound":"ForestSewerAmbient",
	"enemy_sound":"ForestSewerAmbient",
	"cutscene_text":"",
	"cutscene_video":"",
	"doors":[ 
		{ 
			"links_to":"ForestBar2",
			"rotation":[ 
				0.000000,
				0.000000,
				-1.000000,
				-1.000000,
				0.000000,
				-0.000000,
				-0.000000,
				1.000000,
				0.000000 
			],
			"position":{ 
				"x":-20.000000,
				"y":83.000000,
				"z":-22.000000 
			},
			"width":2.000000,
			"height":4.000000 
		},
		{ 
			"links_to":"ForestSewer2",
			"rotation":[ 
				0.000000,
				0.000000,
				-1.000000,
				-1.000000,
				0.000000,
				-0.000000,
				-0.000000,
				1.000000,
				0.000000 
			],
			"position":{ 
				"x":-32.000000,
				"y":83.000000,
				"z":-22.000000 
			},
			"width":2.000000,
			"height":4.000000 
		} 
	],
	"spawn_points":[ 
	],
	"weapon_store_points":[ 
	] 
} 