
{ 
	"position":{ 
		"x":-2.544212,
		"y":-21.501266,
		"z":0.500000 
	},
	"ambient_sound":"MinesAmbient",
	"enemy_sound":"MinesAmbient",
	"cutscene_text":"",
	"cutscene_video":"",
	"doors":[ 
		{ 
			"links_to":"Mines2",
			"rotation":[ 
				0.983136,
				-0.000000,
				0.182875,
				0.182875,
				0.000000,
				-0.983136,
				0.000000,
				1.000000,
				0.000000 
			],
			"position":{ 
				"x":-4.098773,
				"y":-16.010744,
				"z":0.350000 
			},
			"width":3.800000,
			"height":3.300000 
		},
		{ 
			"links_to":"Mines4",
			"rotation":[ 
				0.866524,
				-0.000000,
				0.499135,
				0.499135,
				0.000000,
				-0.866524,
				0.000000,
				1.000000,
				0.000000 
			],
			"position":{ 
				"x":-0.410552,
				"y":-26.776464,
				"z":0.350000 
			},
			"width":3.800000,
			"height":3.300000 
		} 
	],
	"spawn_points":[ 
		{ 
			"position":{ 
				"x":-5.615119,
				"y":-8.875991,
				"z":-1.300000 
			},
			"spawn_list":[ 
				{ 
					"type":"RedZombie",
					"time":0.000000 
				} 
			] 
		},
		{ 
			"position":{ 
				"x":3.158321,
				"y":-31.701069,
				"z":-1.300000 
			},
			"spawn_list":[ 
				{ 
					"type":"RedZombie",
					"time":0.000000 
				} 
			] 
		},
		{ 
			"position":{ 
				"x":1.089785,
				"y":-30.345821,
				"z":-1.300000 
			},
			"spawn_list":[ 
				{ 
					"type":"RedZombie",
					"time":0.000000 
				} 
			] 
		} 
	],
	"weapon_store_points":[ 
	] 
} 