
{ 
	"position":{ 
		"x":47.000000,
		"y":52.000000,
		"z":-2.000000 
	},
	"ambient_sound":"DefaultAmbient",
	"enemy_sound":"DefaultAmbient",
	"cutscene_text":"",
	"cutscene_video":"",
	"doors":[ 
		{ 
			"links_to":"Castle10",
			"rotation":[ 
				0.000000,
				-0.000000,
				1.000000,
				1.000000,
				0.000000,
				-0.000000,
				-0.000000,
				1.000000,
				0.000000 
			],
			"position":{ 
				"x":42.000000,
				"y":52.500000,
				"z":-2.650000 
			},
			"width":1.400000,
			"height":2.700000 
		},
		{ 
			"links_to":"CastleMaze2",
			"rotation":[ 
				1.000000,
				0.000000,
				0.000000,
				0.000000,
				0.000000,
				-1.000000,
				-0.000000,
				1.000000,
				0.000000 
			],
			"position":{ 
				"x":45.799999,
				"y":47.000000,
				"z":-2.000000 
			},
			"width":5.600000,
			"height":4.000000 
		} 
	],
	"spawn_points":[ 
		{ 
			"position":{ 
				"x":56.799999,
				"y":55.000000,
				"z":-4.000000 
			},
			"spawn_list":[ 
				{ 
					"type":"GreenZombie",
					"time":0.000000 
				} 
			] 
		},
		{ 
			"position":{ 
				"x":56.799999,
				"y":50.000000,
				"z":-4.000000 
			},
			"spawn_list":[ 
				{ 
					"type":"GreenZombie",
					"time":0.000000 
				} 
			] 
		} 
	],
	"weapon_store_points":[ 
	] 
} 