
{ 
	"position":{ 
		"x":168.000000,
		"y":0.000001,
		"z":1.800000 
	},
	"ambient_sound":"LabAmbient",
	"enemy_sound":"LabAmbient",
	"cutscene_text":"",
	"cutscene_video":"",
	"doors":[ 
		{ 
			"links_to":"LabEnd",
			"rotation":[ 
				0.000000,
				-0.000000,
				1.000000,
				1.000000,
				0.000000,
				-0.000000,
				-0.000000,
				1.000000,
				0.000000 
			],
			"position":{ 
				"x":165.000000,
				"y":-0.050000,
				"z":2.000000 
			},
			"width":6.099999,
			"height":4.000000 
		},
		{ 
			"links_to":"Final1",
			"rotation":[ 
				0.000000,
				-0.000000,
				1.000000,
				1.000000,
				0.000000,
				-0.000000,
				-0.000000,
				1.000000,
				0.000000 
			],
			"position":{ 
				"x":169.779999,
				"y":0.010000,
				"z":1.750000 
			},
			"width":1.499999,
			"height":0.900000 
		} 
	],
	"spawn_points":[ 
	],
	"weapon_store_points":[ 
	] 
} 