
{ 
	"position":{ 
		"x":4.493544,
		"y":-4.800000,
		"z":1.520000 
	},
	"ambient_sound":"DefaultAmbient",
	"enemy_sound":"DefaultAmbient",
	"cutscene_text":"",
	"cutscene_video":"",
	"doors":[ 
		{ 
			"links_to":"CabinHall3",
			"rotation":[ 
				0.000000,
				-0.000000,
				1.000000,
				0.000000,
				1.000000,
				0.000000,
				-1.000000,
				-0.000000,
				0.000000 
			],
			"position":{ 
				"x":1.400000,
				"y":-4.600000,
				"z":1.250000 
			},
			"width":2.500000,
			"height":1.200000 
		},
		{ 
			"links_to":"CabinWeaponLocker",
			"rotation":[ 
				0.000000,
				-1.000000,
				-0.000000,
				0.000000,
				-0.000000,
				1.000000,
				-1.000000,
				-0.000000,
				-0.000000 
			],
			"position":{ 
				"x":4.650000,
				"y":-1.000000,
				"z":1.000000 
			},
			"width":2.000000,
			"height":0.960000 
		} 
	],
	"spawn_points":[ 
	],
	"weapon_store_points":[ 
	] 
} 