
{ 
	"position":{ 
		"x":22.367834,
		"y":-28.421654,
		"z":0.500000 
	},
	"ambient_sound":"MinesAmbient",
	"enemy_sound":"MinesAmbient",
	"cutscene_text":"",
	"cutscene_video":"",
	"doors":[ 
		{ 
			"links_to":"Mines5",
			"rotation":[ 
				0.000001,
				0.000000,
				-1.000000,
				-1.000000,
				0.000000,
				-0.000001,
				0.000000,
				1.000000,
				0.000000 
			],
			"position":{ 
				"x":18.190998,
				"y":-29.995586,
				"z":0.350000 
			},
			"width":9.399999,
			"height":3.300000 
		},
		{ 
			"links_to":"Mines14",
			"rotation":[ 
				0.000001,
				0.000000,
				-1.000000,
				-1.000000,
				0.000000,
				-0.000001,
				0.000000,
				1.000000,
				0.000000 
			],
			"position":{ 
				"x":26.290998,
				"y":-28.495586,
				"z":0.350000 
			},
			"width":6.399999,
			"height":3.300000 
		} 
	],
	"spawn_points":[ 
		{ 
			"position":{ 
				"x":32.466457,
				"y":-30.816204,
				"z":-1.300000 
			},
			"spawn_list":[ 
				{ 
					"type":"RedZombie",
					"time":0.000000 
				} 
			] 
		},
		{ 
			"position":{ 
				"x":32.466457,
				"y":-26.816204,
				"z":-1.300000 
			},
			"spawn_list":[ 
				{ 
					"type":"RedZombie",
					"time":0.000000 
				} 
			] 
		} 
	],
	"weapon_store_points":[ 
	] 
} 