
{ 
	"position":{ 
		"x":-9.000000,
		"y":0.000000,
		"z":1.800000 
	},
	"ambient_sound":"LabAmbient",
	"enemy_sound":"LabAmbient",
	"cutscene_text":"",
	"cutscene_video":"",
	"doors":[ 
		{ 
			"links_to":"Lab1",
			"rotation":[ 
				0.000000,
				-0.000000,
				1.000000,
				1.000000,
				0.000000,
				-0.000000,
				-0.000000,
				1.000000,
				0.000000 
			],
			"position":{ 
				"x":-4.100001,
				"y":0.000001,
				"z":1.370000 
			},
			"width":3.600000,
			"height":2.740000 
		},
		{ 
			"links_to":"LabEntrance2",
			"rotation":[ 
				0.000000,
				-0.000000,
				1.000000,
				1.000000,
				0.000000,
				-0.000000,
				-0.000000,
				1.000000,
				0.000000 
			],
			"position":{ 
				"x":-30.100002,
				"y":0.000001,
				"z":1.870000 
			},
			"width":5.600000,
			"height":3.740000 
		} 
	],
	"spawn_points":[ 
	],
	"weapon_store_points":[ 
	] 
} 