
{ 
	"position":{ 
		"x":-0.900000,
		"y":0.400000,
		"z":1.500000 
	},
	"ambient_sound":"DefaultAmbient",
	"enemy_sound":"DefaultAmbient",
	"cutscene_text":"",
	"cutscene_video":"",
	"doors":[ 
		{ 
			"links_to":"CabinHall3",
			"rotation":[ 
				0.000000,
				-1.000000,
				-0.000000,
				0.000000,
				-0.000000,
				1.000000,
				-1.000000,
				-0.000000,
				-0.000000 
			],
			"position":{ 
				"x":-0.950000,
				"y":-3.650000,
				"z":1.250000 
			},
			"width":2.500000,
			"height":1.860000 
		},
		{ 
			"links_to":"CabinPorch",
			"rotation":[ 
				0.000000,
				-1.000000,
				-0.000000,
				0.000000,
				0.000000,
				-1.000000,
				1.000000,
				0.000000,
				0.000000 
			],
			"position":{ 
				"x":-0.000000,
				"y":3.900000,
				"z":1.000000 
			},
			"width":2.000000,
			"height":1.000000 
		} 
	],
	"spawn_points":[ 
	],
	"weapon_store_points":[ 
	] 
} 