
{ 
	"position":{ 
		"x":325.700012,
		"y":9.000000,
		"z":-2.200000 
	},
	"ambient_sound":"DefaultAmbient",
	"enemy_sound":"DefaultAmbient",
	"cutscene_text":"",
	"cutscene_video":"",
	"doors":[ 
		{ 
			"links_to":"Caves0",
			"rotation":[ 
				1.000000,
				0.000000,
				0.000000,
				-0.000000,
				0.000000,
				1.000000,
				0.000000,
				-1.000000,
				0.000000 
			],
			"position":{ 
				"x":325.699982,
				"y":7.400000,
				"z":-2.300002 
			},
			"width":1.500000,
			"height":0.800000 
		},
		{ 
			"links_to":"CastleCourt5",
			"rotation":[ 
				0.000000,
				-0.000000,
				1.000000,
				1.000000,
				0.000000,
				-0.000000,
				-0.000000,
				1.000000,
				0.000000 
			],
			"position":{ 
				"x":322.000000,
				"y":8.750000,
				"z":-1.500000 
			},
			"width":7.500000,
			"height":5.000000 
		} 
	],
	"spawn_points":[ 
	],
	"weapon_store_points":[ 
	] 
} 