
{ 
	"position":{ 
		"x":-10.207850,
		"y":8.605344,
		"z":1.301215 
	},
	"ambient_sound":"DefaultAmbient",
	"enemy_sound":"DefaultAmbient",
	"cutscene_text":"",
	"cutscene_video":"",
	"doors":[ 
		{ 
			"links_to":"CabinPorch",
			"rotation":[ 
				0.000000,
				-0.000000,
				1.000000,
				0.000000,
				1.000000,
				0.000000,
				-1.000000,
				-0.000000,
				0.000000 
			],
			"position":{ 
				"x":-4.007852,
				"y":11.005344,
				"z":1.801215 
			},
			"width":4.000000,
			"height":14.000000 
		},
		{ 
			"links_to":"CabinOutside2",
			"rotation":[ 
				0.000000,
				-1.000000,
				-0.000000,
				0.000000,
				-0.000000,
				1.000000,
				-1.000000,
				-0.000000,
				-0.000000 
			],
			"position":{ 
				"x":-11.007851,
				"y":4.005343,
				"z":1.801214 
			},
			"width":4.000000,
			"height":14.000000 
		} 
	],
	"spawn_points":[ 
		{ 
			"position":{ 
				"x":-5.792413,
				"y":-5.187313,
				"z":-0.200000 
			},
			"spawn_list":[ 
				{ 
					"type":"BasicZombie",
					"time":1.000000 
				},
				{ 
					"type":"BasicZombie",
					"time":6.000000 
				} 
			] 
		},
		{ 
			"position":{ 
				"x":-22.673685,
				"y":-4.864579,
				"z":-0.200000 
			},
			"spawn_list":[ 
				{ 
					"type":"BasicZombie",
					"time":4.000000 
				} 
			] 
		} 
	],
	"weapon_store_points":[ 
	] 
} 