
{ 
	"position":{ 
		"x":52.260002,
		"y":-0.100000,
		"z":1.800000 
	},
	"ambient_sound":"CavesAmbient",
	"enemy_sound":"CavesAmbient",
	"cutscene_text":"",
	"cutscene_video":"",
	"doors":[ 
		{ 
			"links_to":"Caves5",
			"rotation":[ 
				0.000000,
				0.000000,
				-1.000000,
				-1.000000,
				0.000000,
				-0.000000,
				-0.000000,
				1.000000,
				0.000000 
			],
			"position":{ 
				"x":37.000000,
				"y":-0.150000,
				"z":2.000000 
			},
			"width":3.300000,
			"height":4.000000 
		},
		{ 
			"links_to":"Caves7",
			"rotation":[ 
				0.000000,
				0.000000,
				-1.000000,
				-1.000000,
				0.000000,
				-0.000000,
				-0.000000,
				1.000000,
				0.000000 
			],
			"position":{ 
				"x":67.000000,
				"y":-0.150000,
				"z":2.000000 
			},
			"width":3.300000,
			"height":4.000000 
		} 
	],
	"spawn_points":[ 
		{ 
			"position":{ 
				"x":33.200001,
				"y":-0.100000,
				"z":-0.000000 
			},
			"spawn_list":[ 
				{ 
					"type":"ShadowAnubis",
					"time":0.000000 
				} 
			] 
		},
		{ 
			"position":{ 
				"x":72.199997,
				"y":-0.100000,
				"z":-0.000000 
			},
			"spawn_list":[ 
				{ 
					"type":"ShadowAnubis",
					"time":0.000000 
				} 
			] 
		} 
	],
	"weapon_store_points":[ 
	] 
} 