
{ 
	"position":{ 
		"x":68.000000,
		"y":52.000000,
		"z":-2.000000 
	},
	"ambient_sound":"DefaultAmbient",
	"enemy_sound":"DefaultAmbient",
	"cutscene_text":"",
	"cutscene_video":"",
	"doors":[ 
		{ 
			"links_to":"CastleMaze3",
			"rotation":[ 
				1.000000,
				-0.000000,
				0.000000,
				0.000000,
				0.000000,
				-1.000000,
				-0.000000,
				1.000000,
				0.000000 
			],
			"position":{ 
				"x":68.150002,
				"y":46.000000,
				"z":-2.000000 
			},
			"width":6.500000,
			"height":4.000000 
		},
		{ 
			"links_to":"CastleMaze5",
			"rotation":[ 
				0.000000,
				0.000000,
				-1.000000,
				-1.000000,
				0.000000,
				-0.000000,
				-0.000000,
				1.000000,
				0.000000 
			],
			"position":{ 
				"x":73.000000,
				"y":52.849998,
				"z":-2.000000 
			},
			"width":8.300000,
			"height":4.000000 
		} 
	],
	"spawn_points":[ 
		{ 
			"position":{ 
				"x":85.364166,
				"y":53.984505,
				"z":-4.000000 
			},
			"spawn_list":[ 
				{ 
					"type":"ShadowAnubis",
					"time":0.000000 
				} 
			] 
		},
		{ 
			"position":{ 
				"x":86.364166,
				"y":51.984505,
				"z":-4.000000 
			},
			"spawn_list":[ 
				{ 
					"type":"ShadowAnubis",
					"time":3.000000 
				} 
			] 
		} 
	],
	"weapon_store_points":[ 
	] 
} 