
{ 
	"position":{ 
		"x":4.693543,
		"y":0.630000,
		"z":1.500000 
	},
	"ambient_sound":"DefaultAmbient",
	"enemy_sound":"DefaultAmbient",
	"cutscene_text":"",
	"cutscene_video":"",
	"doors":[ 
		{ 
			"links_to":"CabinHall4",
			"rotation":[ 
				0.000000,
				-1.000000,
				-0.000000,
				0.000000,
				-0.000000,
				1.000000,
				-1.000000,
				-0.000000,
				-0.000000 
			],
			"position":{ 
				"x":4.650000,
				"y":-1.000000,
				"z":1.000000 
			},
			"width":2.000000,
			"height":0.960000 
		} 
	],
	"spawn_points":[ 
	],
	"weapon_store_points":[ 
		{ 
			"weapon_type":"Shotgun",
			"position":{ 
				"x":4.690000,
				"y":1.830000,
				"z":1.500000 
			},
			"radius":0.170000 
		} 
	] 
} 