
{ 
	"position":{ 
		"x":23.077341,
		"y":-20.815271,
		"z":0.500000 
	},
	"ambient_sound":"MinesAmbient",
	"enemy_sound":"MinesAmbient",
	"cutscene_text":"",
	"cutscene_video":"",
	"doors":[ 
		{ 
			"links_to":"Mines8",
			"rotation":[ 
				-1.000000,
				0.000000,
				-0.000001,
				-0.000001,
				-0.000000,
				1.000000,
				0.000000,
				1.000000,
				0.000000 
			],
			"position":{ 
				"x":23.341000,
				"y":-18.295586,
				"z":0.350000 
			},
			"width":3.699998,
			"height":3.300000 
		} 
	],
	"spawn_points":[ 
	],
	"weapon_store_points":[ 
		{ 
			"weapon_type":"CombatShotgun",
			"position":{ 
				"x":22.877340,
				"y":-22.315273,
				"z":0.500000 
			},
			"radius":0.400000 
		} 
	] 
} 