
{ 
	"position":{ 
		"x":0.000000,
		"y":17.000000,
		"z":1.800000 
	},
	"ambient_sound":"CastleAmbient",
	"enemy_sound":"CastleAmbient",
	"cutscene_text":"",
	"cutscene_video":"",
	"doors":[ 
		{ 
			"links_to":"Castle2",
			"rotation":[ 
				1.000000,
				0.000000,
				0.000000,
				0.000000,
				0.000000,
				-1.000000,
				-0.000000,
				1.000000,
				0.000000 
			],
			"position":{ 
				"x":0.000000,
				"y":13.400000,
				"z":2.000000 
			},
			"width":6.000000,
			"height":4.000000 
		},
		{ 
			"links_to":"CastleUpstairs1",
			"rotation":[ 
				0.000000,
				0.000000,
				-1.000000,
				-1.000000,
				0.000000,
				-0.000000,
				-0.000000,
				1.000000,
				0.000000 
			],
			"position":{ 
				"x":3.000000,
				"y":17.000000,
				"z":2.000000 
			},
			"width":4.000000,
			"height":4.000000 
		},
		{ 
			"links_to":"Castle4",
			"rotation":[ 
				1.000000,
				0.000000,
				0.000000,
				0.000000,
				0.000000,
				-1.000000,
				-0.000000,
				1.000000,
				0.000000 
			],
			"position":{ 
				"x":0.000000,
				"y":25.400000,
				"z":2.000000 
			},
			"width":6.000000,
			"height":4.000000 
		} 
	],
	"spawn_points":[ 
		{ 
			"position":{ 
				"x":-8.000000,
				"y":17.000000,
				"z":0.000000 
			},
			"spawn_list":[ 
				{ 
					"type":"IronAnubis",
					"time":0.000000 
				} 
			] 
		} 
	],
	"weapon_store_points":[ 
	] 
} 