
{ 
	"position":{ 
		"x":0.300000,
		"y":36.000000,
		"z":6.800000 
	},
	"ambient_sound":"CastleAmbient",
	"enemy_sound":"CastleAmbient",
	"cutscene_text":"",
	"cutscene_video":"",
	"doors":[ 
		{ 
			"links_to":"CastleUpstairs4",
			"rotation":[ 
				1.000000,
				0.000000,
				0.000000,
				0.000000,
				0.000000,
				-1.000000,
				-0.000000,
				1.000000,
				0.000000 
			],
			"position":{ 
				"x":0.200000,
				"y":29.600000,
				"z":7.000000 
			},
			"width":4.000000,
			"height":4.000000 
		} 
	],
	"spawn_points":[ 
	],
	"weapon_store_points":[ 
		{ 
			"weapon_type":"Rifle",
			"position":{ 
				"x":2.750002,
				"y":37.450001,
				"z":6.800000 
			},
			"radius":0.350000 
		} 
	] 
} 