
{ 
	"position":{ 
		"x":-13.207850,
		"y":-3.394656,
		"z":1.301215 
	},
	"ambient_sound":"DefaultAmbient",
	"enemy_sound":"DefaultAmbient",
	"cutscene_text":"",
	"cutscene_video":"",
	"doors":[ 
		{ 
			"links_to":"CabinOutside1",
			"rotation":[ 
				0.000000,
				-1.000000,
				-0.000000,
				0.000000,
				-0.000000,
				1.000000,
				-1.000000,
				-0.000000,
				-0.000000 
			],
			"position":{ 
				"x":-11.007851,
				"y":4.005343,
				"z":1.801214 
			},
			"width":4.000000,
			"height":14.000000 
		},
		{ 
			"links_to":"CabinOutside3",
			"rotation":[ 
				0.000000,
				-1.000000,
				-0.000000,
				0.000000,
				-0.000000,
				1.000000,
				-1.000000,
				-0.000000,
				-0.000000 
			],
			"position":{ 
				"x":-16.107851,
				"y":-8.994656,
				"z":1.801214 
			},
			"width":4.000000,
			"height":14.000000 
		} 
	],
	"spawn_points":[ 
		{ 
			"position":{ 
				"x":-18.805231,
				"y":-14.829050,
				"z":-0.002760 
			},
			"spawn_list":[ 
				{ 
					"type":"BasicZombie",
					"time":1.000000 
				},
				{ 
					"type":"BasicZombie",
					"time":5.000000 
				} 
			] 
		},
		{ 
			"position":{ 
				"x":-10.187178,
				"y":-15.296712,
				"z":-0.002760 
			},
			"spawn_list":[ 
				{ 
					"type":"BasicZombie",
					"time":4.000000 
				} 
			] 
		} 
	],
	"weapon_store_points":[ 
	] 
} 