
{ 
	"position":{ 
		"x":10.999999,
		"y":-14.499998,
		"z":1.800000 
	},
	"ambient_sound":"LabAmbient",
	"enemy_sound":"LabAmbient",
	"cutscene_text":"",
	"cutscene_video":"",
	"doors":[ 
		{ 
			"links_to":"LabVents1",
			"rotation":[ 
				-1.000000,
				-0.000000,
				0.000000,
				0.000000,
				-0.000000,
				1.000000,
				-0.000000,
				1.000000,
				0.000000 
			],
			"position":{ 
				"x":11.000004,
				"y":-16.100002,
				"z":1.850000 
			},
			"width":1.000000,
			"height":0.500000 
		},
		{ 
			"links_to":"LabVents3",
			"rotation":[ 
				0.000000,
				0.000000,
				-1.000000,
				-1.000000,
				0.000000,
				-0.000000,
				-0.000000,
				1.000000,
				0.000000 
			],
			"position":{ 
				"x":9.400003,
				"y":-14.500002,
				"z":1.850000 
			},
			"width":1.000000,
			"height":0.500000 
		} 
	],
	"spawn_points":[ 
	],
	"weapon_store_points":[ 
	] 
} 