
{ 
	"position":{ 
		"x":-1.500001,
		"y":-15.499998,
		"z":1.800000 
	},
	"ambient_sound":"LabAmbient",
	"enemy_sound":"LabAmbient",
	"cutscene_text":"",
	"cutscene_video":"",
	"doors":[ 
		{ 
			"links_to":"LabLaserRoom1",
			"rotation":[ 
				0.000000,
				0.000000,
				-1.000000,
				-1.000000,
				0.000000,
				-0.000000,
				-0.000000,
				1.000000,
				0.000000 
			],
			"position":{ 
				"x":2.000003,
				"y":-14.500002,
				"z":2.000000 
			},
			"width":5.000000,
			"height":4.000000 
		} 
	],
	"spawn_points":[ 
	],
	"weapon_store_points":[ 
		{ 
			"weapon_type":"Laser",
			"position":{ 
				"x":-1.500001,
				"y":-18.499998,
				"z":1.800000 
			},
			"radius":0.400000 
		} 
	] 
} 