
{ 
	"position":{ 
		"x":25.260002,
		"y":5.900000,
		"z":1.800000 
	},
	"ambient_sound":"CavesAmbient",
	"enemy_sound":"CavesAmbient",
	"cutscene_text":"",
	"cutscene_video":"",
	"doors":[ 
		{ 
			"links_to":"CavesLower2",
			"rotation":[ 
				1.000000,
				0.000000,
				0.000000,
				0.000000,
				0.000000,
				-1.000000,
				0.000000,
				1.000000,
				0.000000 
			],
			"position":{ 
				"x":25.250002,
				"y":6.800000,
				"z":1.750000 
			},
			"width":1.500000,
			"height":0.900000 
		},
		{ 
			"links_to":"Caves5",
			"rotation":[ 
				-1.000000,
				0.000000,
				-0.000000,
				-0.000000,
				-0.000000,
				1.000000,
				-0.000000,
				1.000000,
				0.000000 
			],
			"position":{ 
				"x":25.250002,
				"y":2.700000,
				"z":1.850000 
			},
			"width":5.300000,
			"height":3.700000 
		} 
	],
	"spawn_points":[ 
	],
	"weapon_store_points":[ 
	] 
} 