
{ 
	"position":{ 
		"x":159.000000,
		"y":0.000001,
		"z":1.800000 
	},
	"ambient_sound":"LabAmbient",
	"enemy_sound":"LabAmbient",
	"cutscene_text":"",
	"cutscene_video":"",
	"doors":[ 
		{ 
			"links_to":"LabLeft10",
			"rotation":[ 
				-1.000000,
				0.000000,
				-0.000000,
				-0.000000,
				-0.000000,
				1.000000,
				-0.000000,
				1.000000,
				0.000000 
			],
			"position":{ 
				"x":158.500000,
				"y":4.000000,
				"z":2.000000 
			},
			"width":12.999999,
			"height":4.000000 
		},
		{ 
			"links_to":"LabRight10",
			"rotation":[ 
				-1.000000,
				0.000000,
				-0.000000,
				-0.000000,
				-0.000000,
				1.000000,
				-0.000000,
				1.000000,
				0.000000 
			],
			"position":{ 
				"x":158.500000,
				"y":-4.000000,
				"z":2.000000 
			},
			"width":12.999999,
			"height":4.000000 
		},
		{ 
			"links_to":"LabLift",
			"rotation":[ 
				0.000000,
				-0.000000,
				1.000000,
				1.000000,
				0.000000,
				-0.000000,
				-0.000000,
				1.000000,
				0.000000 
			],
			"position":{ 
				"x":165.000000,
				"y":-0.050000,
				"z":2.000000 
			},
			"width":6.099999,
			"height":4.000000 
		} 
	],
	"spawn_points":[ 
	],
	"weapon_store_points":[ 
	] 
} 