
{ 
	"position":{ 
		"x":31.000000,
		"y":32.000000,
		"z":1.800000 
	},
	"ambient_sound":"CastleAmbient",
	"enemy_sound":"CastleAmbient",
	"cutscene_text":"",
	"cutscene_video":"",
	"doors":[ 
		{ 
			"links_to":"Castle6",
			"rotation":[ 
				0.000000,
				-0.000000,
				1.000000,
				1.000000,
				0.000000,
				-0.000000,
				-0.000000,
				1.000000,
				0.000000 
			],
			"position":{ 
				"x":26.000000,
				"y":32.000000,
				"z":1.350000 
			},
			"width":1.400000,
			"height":2.700000 
		},
		{ 
			"links_to":"Castle8",
			"rotation":[ 
				0.000000,
				0.000000,
				-1.000000,
				-1.000000,
				0.000000,
				-0.000000,
				-0.000000,
				1.000000,
				0.000000 
			],
			"position":{ 
				"x":35.000000,
				"y":32.000000,
				"z":2.000000 
			},
			"width":4.000000,
			"height":4.000000 
		} 
	],
	"spawn_points":[ 
		{ 
			"position":{ 
				"x":38.500000,
				"y":33.000000,
				"z":0.000000 
			},
			"spawn_list":[ 
				{ 
					"type":"BasicZombie",
					"time":0.000000 
				} 
			] 
		},
		{ 
			"position":{ 
				"x":38.500000,
				"y":31.000000,
				"z":0.000000 
			},
			"spawn_list":[ 
				{ 
					"type":"BasicZombie",
					"time":0.000000 
				} 
			] 
		} 
	],
	"weapon_store_points":[ 
	] 
} 