
{ 
	"position":{ 
		"x":49.379807,
		"y":33.704487,
		"z":0.500000 
	},
	"ambient_sound":"MinesAmbient",
	"enemy_sound":"MinesAmbient",
	"cutscene_text":"",
	"cutscene_video":"",
	"doors":[ 
		{ 
			"links_to":"Mines18",
			"rotation":[ 
				-0.868647,
				-0.000000,
				0.495432,
				0.495432,
				-0.000000,
				0.868647,
				0.000000,
				1.000000,
				0.000000 
			],
			"position":{ 
				"x":43.438721,
				"y":26.903120,
				"z":0.400000 
			},
			"width":3.800000,
			"height":3.400000 
		},
		{ 
			"links_to":"Mines20",
			"rotation":[ 
				-0.282165,
				-0.000000,
				0.959366,
				0.959366,
				-0.000000,
				0.282165,
				0.000000,
				1.000000,
				0.000000 
			],
			"position":{ 
				"x":57.366982,
				"y":37.378971,
				"z":0.400000 
			},
			"width":3.800000,
			"height":3.400000 
		} 
	],
	"spawn_points":[ 
		{ 
			"position":{ 
				"x":56.490261,
				"y":37.921646,
				"z":-1.300000 
			},
			"spawn_list":[ 
				{ 
					"type":"RedZombie",
					"time":0.000000 
				} 
			] 
		},
		{ 
			"position":{ 
				"x":57.533527,
				"y":37.239510,
				"z":-1.300000 
			},
			"spawn_list":[ 
				{ 
					"type":"GreenZombie",
					"time":0.000000 
				} 
			] 
		},
		{ 
			"position":{ 
				"x":59.339180,
				"y":38.162399,
				"z":-1.300000 
			},
			"spawn_list":[ 
				{ 
					"type":"GreenZombie",
					"time":0.000000 
				} 
			] 
		} 
	],
	"weapon_store_points":[ 
	] 
} 