
{ 
	"position":{ 
		"x":66.618675,
		"y":38.821499,
		"z":0.500000 
	},
	"ambient_sound":"MinesAmbient",
	"enemy_sound":"MinesAmbient",
	"cutscene_text":"",
	"cutscene_video":"",
	"doors":[ 
		{ 
			"links_to":"Mines19",
			"rotation":[ 
				-0.282165,
				-0.000000,
				0.959366,
				0.959366,
				-0.000000,
				0.282165,
				0.000000,
				1.000000,
				0.000000 
			],
			"position":{ 
				"x":57.366982,
				"y":37.378971,
				"z":0.400000 
			},
			"width":3.800000,
			"height":3.400000 
		},
		{ 
			"links_to":"LabEntrance1",
			"rotation":[ 
				-0.000001,
				-0.000000,
				1.000000,
				1.000000,
				-0.000000,
				0.000001,
				0.000000,
				1.000000,
				0.000000 
			],
			"position":{ 
				"x":75.243416,
				"y":39.052097,
				"z":0.050000 
			},
			"width":2.790000,
			"height":2.700000 
		} 
	],
	"spawn_points":[ 
	],
	"weapon_store_points":[ 
	] 
} 