
{ 
	"position":{ 
		"x":98.000000,
		"y":10.500000,
		"z":-2.200000 
	},
	"ambient_sound":"DefaultAmbient",
	"enemy_sound":"DefaultAmbient",
	"cutscene_text":"",
	"cutscene_video":"",
	"doors":[ 
		{ 
			"links_to":"CastleMaze8",
			"rotation":[ 
				0.000000,
				-0.000000,
				1.000000,
				1.000000,
				0.000000,
				-0.000000,
				-0.000000,
				1.000000,
				0.000000 
			],
			"position":{ 
				"x":94.000000,
				"y":10.500000,
				"z":-2.500000 
			},
			"width":2.000000,
			"height":3.000000 
		},
		{ 
			"links_to":"CastleCourt2",
			"rotation":[ 
				0.000000,
				-0.000000,
				1.000000,
				1.000000,
				0.000000,
				-0.000000,
				-0.000000,
				1.000000,
				0.000000 
			],
			"position":{ 
				"x":122.000000,
				"y":10.500000,
				"z":-1.500000 
			},
			"width":4.000000,
			"height":5.000000 
		} 
	],
	"spawn_points":[ 
	],
	"weapon_store_points":[ 
	] 
} 