
{ 
	"position":{ 
		"x":22.277342,
		"y":-8.115272,
		"z":0.500000 
	},
	"ambient_sound":"MinesAmbient",
	"enemy_sound":"MinesAmbient",
	"cutscene_text":"",
	"cutscene_video":"",
	"doors":[ 
		{ 
			"links_to":"Mines8",
			"rotation":[ 
				-1.000000,
				0.000000,
				-0.000001,
				-0.000001,
				-0.000000,
				1.000000,
				0.000000,
				1.000000,
				0.000000 
			],
			"position":{ 
				"x":22.240999,
				"y":-11.495586,
				"z":0.350000 
			},
			"width":7.699998,
			"height":3.300000 
		},
		{ 
			"links_to":"Mines12",
			"rotation":[ 
				0.000001,
				0.000000,
				-1.000000,
				-1.000000,
				0.000000,
				-0.000001,
				0.000000,
				1.000000,
				0.000000 
			],
			"position":{ 
				"x":26.290998,
				"y":-8.095586,
				"z":0.350000 
			},
			"width":6.399999,
			"height":3.300000 
		} 
	],
	"spawn_points":[ 
		{ 
			"position":{ 
				"x":14.606728,
				"y":-8.080244,
				"z":-1.300000 
			},
			"spawn_list":[ 
				{ 
					"type":"IronAnubis",
					"time":0.000000 
				} 
			] 
		} 
	],
	"weapon_store_points":[ 
	] 
} 