
{ 
	"position":{ 
		"x":40.000000,
		"y":32.000000,
		"z":1.800000 
	},
	"ambient_sound":"CastleAmbient",
	"enemy_sound":"CastleAmbient",
	"cutscene_text":"",
	"cutscene_video":"Maze.mp4",
	"doors":[ 
		{ 
			"links_to":"Castle7",
			"rotation":[ 
				0.000000,
				0.000000,
				-1.000000,
				-1.000000,
				0.000000,
				-0.000000,
				-0.000000,
				1.000000,
				0.000000 
			],
			"position":{ 
				"x":35.000000,
				"y":32.000000,
				"z":2.000000 
			},
			"width":4.000000,
			"height":4.000000 
		},
		{ 
			"links_to":"Castle9",
			"rotation":[ 
				1.000000,
				0.000000,
				0.000000,
				0.000000,
				0.000000,
				-1.000000,
				-0.000000,
				1.000000,
				0.000000 
			],
			"position":{ 
				"x":40.000000,
				"y":35.000000,
				"z":2.000000 
			},
			"width":4.000000,
			"height":4.000000 
		} 
	],
	"spawn_points":[ 
		{ 
			"position":{ 
				"x":38.799999,
				"y":43.000000,
				"z":0.000000 
			},
			"spawn_list":[ 
			] 
		},
		{ 
			"position":{ 
				"x":41.299999,
				"y":43.000000,
				"z":0.000000 
			},
			"spawn_list":[ 
			] 
		} 
	],
	"weapon_store_points":[ 
	] 
} 